"doy","year","hour","ndvi.SRSnr","sensorZ","sensInfo","sensorUnit","sensorLoc","site","loggerName","slotN","sensorUID","Pr.mm"
182,2016,14,0.564,700,"ndvi.SRSnr","n","overstory","hd","DavCnpy",6,8,0
183,2016,14,0.422,700,"ndvi.SRSnr","n","overstory","hd","DavCnpy",6,8,0.6
184,2016,14,0.556,700,"ndvi.SRSnr","n","overstory","hd","DavCnpy",6,8,0
185,2016,14,0.561,700,"ndvi.SRSnr","n","overstory","hd","DavCnpy",6,8,0.1
186,2016,14,0.534,700,"ndvi.SRSnr","n","overstory","hd","DavCnpy",6,8,0
187,2016,14,0.542,700,"ndvi.SRSnr","n","overstory","hd","DavCnpy",6,8,0
188,2016,14,NA,700,"ndvi.SRSnr","n","overstory","hd","DavCnpy",6,8,5.01
189,2016,14,NA,700,"ndvi.SRSnr","n","overstory","hd","DavCnpy",6,8,8
190,2016,14,0.536,700,"ndvi.SRSnr","n","overstory","hd","DavCnpy",6,8,0.1
191,2016,14,NA,700,"ndvi.SRSnr","n","overstory","hd","DavCnpy",6,8,3
192,2016,14,0.512,700,"ndvi.SRSnr","n","overstory","hd","DavCnpy",6,8,0
193,2016,14,NA,700,"ndvi.SRSnr","n","overstory","hd","DavCnpy",6,8,18.01
194,2016,14,0.531,700,"ndvi.SRSnr","n","overstory","hd","DavCnpy",6,8,0
195,2016,14,NA,700,"ndvi.SRSnr","n","overstory","hd","DavCnpy",6,8,1
196,2016,14,NA,700,"ndvi.SRSnr","n","overstory","hd","DavCnpy",6,8,4
197,2016,14,NA,700,"ndvi.SRSnr","n","overstory","hd","DavCnpy",6,8,11
198,2016,14,0.542,700,"ndvi.SRSnr","n","overstory","hd","DavCnpy",6,8,0
199,2016,14,NA,700,"ndvi.SRSnr","n","overstory","hd","DavCnpy",6,8,2.01
200,2016,14,0.557,700,"ndvi.SRSnr","n","overstory","hd","DavCnpy",6,8,0
201,2016,14,NA,700,"ndvi.SRSnr","n","overstory","hd","DavCnpy",6,8,1
202,2016,14,NA,700,"ndvi.SRSnr","n","overstory","hd","DavCnpy",6,8,3.01
203,2016,14,0.365,700,"ndvi.SRSnr","n","overstory","hd","DavCnpy",6,8,0.01
204,2016,14,NA,700,"ndvi.SRSnr","n","overstory","hd","DavCnpy",6,8,2
205,2016,14,0.527,700,"ndvi.SRSnr","n","overstory","hd","DavCnpy",6,8,0
206,2016,14,NA,700,"ndvi.SRSnr","n","overstory","hd","DavCnpy",6,8,34
207,2016,14,NA,700,"ndvi.SRSnr","n","overstory","hd","DavCnpy",6,8,2
208,2016,14,0.514,700,"ndvi.SRSnr","n","overstory","hd","DavCnpy",6,8,0
209,2016,14,0.425,700,"ndvi.SRSnr","n","overstory","hd","DavCnpy",6,8,0
210,2016,14,0.444,700,"ndvi.SRSnr","n","overstory","hd","DavCnpy",6,8,0.02
211,2016,14,0.517,700,"ndvi.SRSnr","n","overstory","hd","DavCnpy",6,8,0
212,2016,14,0.554,700,"ndvi.SRSnr","n","overstory","hd","DavCnpy",6,8,0
213,2016,14,0.535,700,"ndvi.SRSnr","n","overstory","hd","DavCnpy",6,8,0
214,2016,14,NA,700,"ndvi.SRSnr","n","overstory","hd","DavCnpy",6,8,2
215,2016,14,0.534,700,"ndvi.SRSnr","n","overstory","hd","DavCnpy",6,8,0
216,2016,14,0.524,700,"ndvi.SRSnr","n","overstory","hd","DavCnpy",6,8,0
217,2016,14,0.517,700,"ndvi.SRSnr","n","overstory","hd","DavCnpy",6,8,0
218,2016,14,0.5,700,"ndvi.SRSnr","n","overstory","hd","DavCnpy",6,8,0.01
219,2016,14,0.365,700,"ndvi.SRSnr","n","overstory","hd","DavCnpy",6,8,0.3
220,2016,14,0.412,700,"ndvi.SRSnr","n","overstory","hd","DavCnpy",6,8,0.11
221,2016,14,0.521,700,"ndvi.SRSnr","n","overstory","hd","DavCnpy",6,8,0.01
222,2016,14,0.509,700,"ndvi.SRSnr","n","overstory","hd","DavCnpy",6,8,0.01
223,2016,14,0.489,700,"ndvi.SRSnr","n","overstory","hd","DavCnpy",6,8,0
224,2016,14,NA,700,"ndvi.SRSnr","n","overstory","hd","DavCnpy",6,8,8.01
225,2016,14,0.482,700,"ndvi.SRSnr","n","overstory","hd","DavCnpy",6,8,0
226,2016,14,0.334,700,"ndvi.SRSnr","n","overstory","hd","DavCnpy",6,8,0.01
227,2016,14,0.418,700,"ndvi.SRSnr","n","overstory","hd","DavCnpy",6,8,0.61
228,2016,14,0.421,700,"ndvi.SRSnr","n","overstory","hd","DavCnpy",6,8,0.4
229,2016,14,0.367,700,"ndvi.SRSnr","n","overstory","hd","DavCnpy",6,8,0
230,2016,14,0.444,700,"ndvi.SRSnr","n","overstory","hd","DavCnpy",6,8,0.02
231,2016,14,NA,700,"ndvi.SRSnr","n","overstory","hd","DavCnpy",6,8,5.01
232,2016,14,0.354,700,"ndvi.SRSnr","n","overstory","hd","DavCnpy",6,8,0
233,2016,14,0.479,700,"ndvi.SRSnr","n","overstory","hd","DavCnpy",6,8,0
234,2016,14,0.435,700,"ndvi.SRSnr","n","overstory","hd","DavCnpy",6,8,0
235,2016,14,0.481,700,"ndvi.SRSnr","n","overstory","hd","DavCnpy",6,8,0.01
236,2016,14,0.452,700,"ndvi.SRSnr","n","overstory","hd","DavCnpy",6,8,0
237,2016,14,0.403,700,"ndvi.SRSnr","n","overstory","hd","DavCnpy",6,8,0.4
238,2016,14,NA,700,"ndvi.SRSnr","n","overstory","hd","DavCnpy",6,8,5
239,2016,14,0.258,700,"ndvi.SRSnr","n","overstory","hd","DavCnpy",6,8,0.01
240,2016,14,NA,700,"ndvi.SRSnr","n","overstory","hd","DavCnpy",6,8,8
241,2016,14,NA,700,"ndvi.SRSnr","n","overstory","hd","DavCnpy",6,8,2.01
242,2016,14,0.337,700,"ndvi.SRSnr","n","overstory","hd","DavCnpy",6,8,0
243,2016,14,0.272,700,"ndvi.SRSnr","n","overstory","hd","DavCnpy",6,8,0
244,2016,14,NA,700,"ndvi.SRSnr","n","overstory","hd","DavCnpy",6,8,3.01
245,2016,14,0.208,700,"ndvi.SRSnr","n","overstory","hd","DavCnpy",6,8,0
246,2016,14,NA,700,"ndvi.SRSnr","n","overstory","hd","DavCnpy",6,8,2
247,2016,14,0.137,700,"ndvi.SRSnr","n","overstory","hd","DavCnpy",6,8,0.1
248,2016,14,0.109,700,"ndvi.SRSnr","n","overstory","hd","DavCnpy",6,8,0
249,2016,14,0.113,700,"ndvi.SRSnr","n","overstory","hd","DavCnpy",6,8,0
250,2016,14,0.106,700,"ndvi.SRSnr","n","overstory","hd","DavCnpy",6,8,0
251,2016,14,0.103,700,"ndvi.SRSnr","n","overstory","hd","DavCnpy",6,8,0
252,2016,14,0.084,700,"ndvi.SRSnr","n","overstory","hd","DavCnpy",6,8,0
253,2016,14,0.055,700,"ndvi.SRSnr","n","overstory","hd","DavCnpy",6,8,0.02
254,2016,14,NA,700,"ndvi.SRSnr","n","overstory","hd","DavCnpy",6,8,9
255,2016,14,NA,700,"ndvi.SRSnr","n","overstory","hd","DavCnpy",6,8,4.01
256,2016,14,0.021,700,"ndvi.SRSnr","n","overstory","hd","DavCnpy",6,8,0.01
257,2016,14,0.045,700,"ndvi.SRSnr","n","overstory","hd","DavCnpy",6,8,0.5
258,2016,14,0.044,700,"ndvi.SRSnr","n","overstory","hd","DavCnpy",6,8,0
135,2017,14,-0.064,700,"ndvi.SRSnr","n","overstory","hd","DavCnpy",6,8,0
136,2017,14,NA,700,"ndvi.SRSnr","n","overstory","hd","DavCnpy",6,8,0
137,2017,14,-0.071,700,"ndvi.SRSnr","n","overstory","hd","DavCnpy",6,8,0.31
138,2017,14,-0.067,700,"ndvi.SRSnr","n","overstory","hd","DavCnpy",6,8,0
139,2017,14,-0.031,700,"ndvi.SRSnr","n","overstory","hd","DavCnpy",6,8,0
140,2017,14,0.027,700,"ndvi.SRSnr","n","overstory","hd","DavCnpy",6,8,0
141,2017,14,0.089,700,"ndvi.SRSnr","n","overstory","hd","DavCnpy",6,8,0
142,2017,14,0.143,700,"ndvi.SRSnr","n","overstory","hd","DavCnpy",6,8,0
143,2017,14,0.181,700,"ndvi.SRSnr","n","overstory","hd","DavCnpy",6,8,0
152,2017,14,0.234,700,"ndvi.SRSnr","n","overstory","hd","DavCnpy",6,8,0.01
153,2017,14,NA,700,"ndvi.SRSnr","n","overstory","hd","DavCnpy",6,8,2
154,2017,14,0.218,700,"ndvi.SRSnr","n","overstory","hd","DavCnpy",6,8,0.2
155,2017,14,NA,700,"ndvi.SRSnr","n","overstory","hd","DavCnpy",6,8,5
156,2017,14,NA,700,"ndvi.SRSnr","n","overstory","hd","DavCnpy",6,8,2.01
157,2017,14,0.341,700,"ndvi.SRSnr","n","overstory","hd","DavCnpy",6,8,0
158,2017,14,0.226,700,"ndvi.SRSnr","n","overstory","hd","DavCnpy",6,8,0.01
159,2017,14,0.574,700,"ndvi.SRSnr","n","overstory","hd","DavCnpy",6,8,0.01
160,2017,14,0.478,700,"ndvi.SRSnr","n","overstory","hd","DavCnpy",6,8,0
161,2017,14,0.37,700,"ndvi.SRSnr","n","overstory","hd","DavCnpy",6,8,0.01
162,2017,14,0.495,700,"ndvi.SRSnr","n","overstory","hd","DavCnpy",6,8,0
163,2017,14,0.506,700,"ndvi.SRSnr","n","overstory","hd","DavCnpy",6,8,0
164,2017,14,0.501,700,"ndvi.SRSnr","n","overstory","hd","DavCnpy",6,8,0
165,2017,14,0.497,700,"ndvi.SRSnr","n","overstory","hd","DavCnpy",6,8,0
166,2017,14,0.504,700,"ndvi.SRSnr","n","overstory","hd","DavCnpy",6,8,0.5
167,2017,14,0.519,700,"ndvi.SRSnr","n","overstory","hd","DavCnpy",6,8,0.3
168,2017,14,0.486,700,"ndvi.SRSnr","n","overstory","hd","DavCnpy",6,8,0
169,2017,14,0.436,700,"ndvi.SRSnr","n","overstory","hd","DavCnpy",6,8,0.4
170,2017,14,NA,700,"ndvi.SRSnr","n","overstory","hd","DavCnpy",6,8,2
171,2017,14,0.479,700,"ndvi.SRSnr","n","overstory","hd","DavCnpy",6,8,0.01
172,2017,14,0.439,700,"ndvi.SRSnr","n","overstory","hd","DavCnpy",6,8,0
173,2017,14,0.442,700,"ndvi.SRSnr","n","overstory","hd","DavCnpy",6,8,0.3
174,2017,14,0.507,700,"ndvi.SRSnr","n","overstory","hd","DavCnpy",6,8,0
175,2017,14,NA,700,"ndvi.SRSnr","n","overstory","hd","DavCnpy",6,8,5.01
176,2017,14,0.464,700,"ndvi.SRSnr","n","overstory","hd","DavCnpy",6,8,0.02
177,2017,14,0.408,700,"ndvi.SRSnr","n","overstory","hd","DavCnpy",6,8,0.81
178,2017,14,NA,700,"ndvi.SRSnr","n","overstory","hd","DavCnpy",6,8,4.01
179,2017,14,0.531,700,"ndvi.SRSnr","n","overstory","hd","DavCnpy",6,8,0
180,2017,14,NA,700,"ndvi.SRSnr","n","overstory","hd","DavCnpy",6,8,3.4
181,2017,14,NA,700,"ndvi.SRSnr","n","overstory","hd","DavCnpy",6,8,1
182,2017,14,0.511,700,"ndvi.SRSnr","n","overstory","hd","DavCnpy",6,8,0
183,2017,14,0.388,700,"ndvi.SRSnr","n","overstory","hd","DavCnpy",6,8,0.4
184,2017,14,0.432,700,"ndvi.SRSnr","n","overstory","hd","DavCnpy",6,8,0.01
185,2017,14,0.406,700,"ndvi.SRSnr","n","overstory","hd","DavCnpy",6,8,0.01
186,2017,14,0.527,700,"ndvi.SRSnr","n","overstory","hd","DavCnpy",6,8,0
187,2017,14,0.469,700,"ndvi.SRSnr","n","overstory","hd","DavCnpy",6,8,0
188,2017,14,NA,700,"ndvi.SRSnr","n","overstory","hd","DavCnpy",6,8,1.7
189,2017,14,0.45,700,"ndvi.SRSnr","n","overstory","hd","DavCnpy",6,8,0.02
190,2017,14,0.388,700,"ndvi.SRSnr","n","overstory","hd","DavCnpy",6,8,0
191,2017,14,0.433,700,"ndvi.SRSnr","n","overstory","hd","DavCnpy",6,8,0.02
192,2017,14,0.534,700,"ndvi.SRSnr","n","overstory","hd","DavCnpy",6,8,0
193,2017,14,0.46,700,"ndvi.SRSnr","n","overstory","hd","DavCnpy",6,8,0
194,2017,14,0.471,700,"ndvi.SRSnr","n","overstory","hd","DavCnpy",6,8,0
195,2017,14,0.423,700,"ndvi.SRSnr","n","overstory","hd","DavCnpy",6,8,0
196,2017,14,0.415,700,"ndvi.SRSnr","n","overstory","hd","DavCnpy",6,8,0
197,2017,14,0.455,700,"ndvi.SRSnr","n","overstory","hd","DavCnpy",6,8,0
198,2017,14,0.542,700,"ndvi.SRSnr","n","overstory","hd","DavCnpy",6,8,0.3
199,2017,14,0.526,700,"ndvi.SRSnr","n","overstory","hd","DavCnpy",6,8,0
200,2017,14,NA,700,"ndvi.SRSnr","n","overstory","hd","DavCnpy",6,8,1
201,2017,14,0.482,700,"ndvi.SRSnr","n","overstory","hd","DavCnpy",6,8,0
202,2017,14,NA,700,"ndvi.SRSnr","n","overstory","hd","DavCnpy",6,8,3
203,2017,14,0.455,700,"ndvi.SRSnr","n","overstory","hd","DavCnpy",6,8,0.1
204,2017,14,0.524,700,"ndvi.SRSnr","n","overstory","hd","DavCnpy",6,8,0
205,2017,14,NA,700,"ndvi.SRSnr","n","overstory","hd","DavCnpy",6,8,3.5
206,2017,14,0.517,700,"ndvi.SRSnr","n","overstory","hd","DavCnpy",6,8,0.02
207,2017,14,0.5,700,"ndvi.SRSnr","n","overstory","hd","DavCnpy",6,8,0
208,2017,14,NA,700,"ndvi.SRSnr","n","overstory","hd","DavCnpy",6,8,8
209,2017,14,0.493,700,"ndvi.SRSnr","n","overstory","hd","DavCnpy",6,8,0.3
210,2017,14,NA,700,"ndvi.SRSnr","n","overstory","hd","DavCnpy",6,8,8
211,2017,14,0.47,700,"ndvi.SRSnr","n","overstory","hd","DavCnpy",6,8,0.01
212,2017,14,0.482,700,"ndvi.SRSnr","n","overstory","hd","DavCnpy",6,8,0
213,2017,14,0.501,700,"ndvi.SRSnr","n","overstory","hd","DavCnpy",6,8,0
214,2017,14,NA,700,"ndvi.SRSnr","n","overstory","hd","DavCnpy",6,8,3
215,2017,14,NA,700,"ndvi.SRSnr","n","overstory","hd","DavCnpy",6,8,3.01
216,2017,14,0.474,700,"ndvi.SRSnr","n","overstory","hd","DavCnpy",6,8,0
217,2017,14,NA,700,"ndvi.SRSnr","n","overstory","hd","DavCnpy",6,8,3
218,2017,14,0.456,700,"ndvi.SRSnr","n","overstory","hd","DavCnpy",6,8,0
219,2017,14,0.49,700,"ndvi.SRSnr","n","overstory","hd","DavCnpy",6,8,0.4
220,2017,14,0.504,700,"ndvi.SRSnr","n","overstory","hd","DavCnpy",6,8,0
221,2017,14,0.493,700,"ndvi.SRSnr","n","overstory","hd","DavCnpy",6,8,0
222,2017,14,0.483,700,"ndvi.SRSnr","n","overstory","hd","DavCnpy",6,8,0
223,2017,14,0.502,700,"ndvi.SRSnr","n","overstory","hd","DavCnpy",6,8,0.01
224,2017,14,0.503,700,"ndvi.SRSnr","n","overstory","hd","DavCnpy",6,8,0
225,2017,14,0.497,700,"ndvi.SRSnr","n","overstory","hd","DavCnpy",6,8,0
226,2017,14,0.371,700,"ndvi.SRSnr","n","overstory","hd","DavCnpy",6,8,0
227,2017,14,0.37,700,"ndvi.SRSnr","n","overstory","hd","DavCnpy",6,8,0
228,2017,14,0.443,700,"ndvi.SRSnr","n","overstory","hd","DavCnpy",6,8,0
229,2017,14,NA,700,"ndvi.SRSnr","n","overstory","hd","DavCnpy",6,8,4
230,2017,14,0.447,700,"ndvi.SRSnr","n","overstory","hd","DavCnpy",6,8,0
231,2017,14,0.451,700,"ndvi.SRSnr","n","overstory","hd","DavCnpy",6,8,0
232,2017,14,NA,700,"ndvi.SRSnr","n","overstory","hd","DavCnpy",6,8,5
233,2017,14,NA,700,"ndvi.SRSnr","n","overstory","hd","DavCnpy",6,8,1
234,2017,14,0.35,700,"ndvi.SRSnr","n","overstory","hd","DavCnpy",6,8,0
235,2017,14,0.398,700,"ndvi.SRSnr","n","overstory","hd","DavCnpy",6,8,0
236,2017,14,0.389,700,"ndvi.SRSnr","n","overstory","hd","DavCnpy",6,8,0
237,2017,14,0.362,700,"ndvi.SRSnr","n","overstory","hd","DavCnpy",6,8,0
238,2017,14,0.343,700,"ndvi.SRSnr","n","overstory","hd","DavCnpy",6,8,0
239,2017,14,0.305,700,"ndvi.SRSnr","n","overstory","hd","DavCnpy",6,8,0
240,2017,14,0.208,700,"ndvi.SRSnr","n","overstory","hd","DavCnpy",6,8,0.01
241,2017,14,0.232,700,"ndvi.SRSnr","n","overstory","hd","DavCnpy",6,8,0.51
242,2017,14,0.267,700,"ndvi.SRSnr","n","overstory","hd","DavCnpy",6,8,0
243,2017,14,0.242,700,"ndvi.SRSnr","n","overstory","hd","DavCnpy",6,8,0
244,2017,14,0.209,700,"ndvi.SRSnr","n","overstory","hd","DavCnpy",6,8,0
245,2017,14,0.178,700,"ndvi.SRSnr","n","overstory","hd","DavCnpy",6,8,0
246,2017,14,NA,700,"ndvi.SRSnr","n","overstory","hd","DavCnpy",6,8,7
247,2017,14,0.112,700,"ndvi.SRSnr","n","overstory","hd","DavCnpy",6,8,0.4
248,2017,14,0.113,700,"ndvi.SRSnr","n","overstory","hd","DavCnpy",6,8,0.01
249,2017,14,0.113,700,"ndvi.SRSnr","n","overstory","hd","DavCnpy",6,8,0.01
250,2017,14,0.056,700,"ndvi.SRSnr","n","overstory","hd","DavCnpy",6,8,0
251,2017,14,NA,700,"ndvi.SRSnr","n","overstory","hd","DavCnpy",6,8,6
252,2017,14,0.029,700,"ndvi.SRSnr","n","overstory","hd","DavCnpy",6,8,0.61
253,2017,14,NA,700,"ndvi.SRSnr","n","overstory","hd","DavCnpy",6,8,1.01
254,2017,14,NA,700,"ndvi.SRSnr","n","overstory","hd","DavCnpy",6,8,6
255,2017,14,NA,700,"ndvi.SRSnr","n","overstory","hd","DavCnpy",6,8,5.5
256,2017,14,NA,700,"ndvi.SRSnr","n","overstory","hd","DavCnpy",6,8,5
257,2017,14,NA,700,"ndvi.SRSnr","n","overstory","hd","DavCnpy",6,8,1.6
258,2017,14,NA,700,"ndvi.SRSnr","n","overstory","hd","DavCnpy",6,8,4
162,18,14,0.266,700,"ndvi.SRSnr","n","overstory","hd","DavCnpy",6,8,NA
163,18,14,0.392,700,"ndvi.SRSnr","n","overstory","hd","DavCnpy",6,8,NA
164,18,14,0.481,700,"ndvi.SRSnr","n","overstory","hd","DavCnpy",6,8,NA
165,18,14,0.512,700,"ndvi.SRSnr","n","overstory","hd","DavCnpy",6,8,NA
166,18,14,0.465,700,"ndvi.SRSnr","n","overstory","hd","DavCnpy",6,8,NA
167,18,14,0.538,700,"ndvi.SRSnr","n","overstory","hd","DavCnpy",6,8,NA
168,18,14,0.55,700,"ndvi.SRSnr","n","overstory","hd","DavCnpy",6,8,NA
169,18,14,0.558,700,"ndvi.SRSnr","n","overstory","hd","DavCnpy",6,8,NA
170,18,14,0.511,700,"ndvi.SRSnr","n","overstory","hd","DavCnpy",6,8,NA
171,18,14,0.555,700,"ndvi.SRSnr","n","overstory","hd","DavCnpy",6,8,NA
172,18,14,0.538,700,"ndvi.SRSnr","n","overstory","hd","DavCnpy",6,8,NA
173,18,14,0.548,700,"ndvi.SRSnr","n","overstory","hd","DavCnpy",6,8,NA
174,18,14,0.542,700,"ndvi.SRSnr","n","overstory","hd","DavCnpy",6,8,NA
175,18,14,0.556,700,"ndvi.SRSnr","n","overstory","hd","DavCnpy",6,8,NA
176,18,14,0.563,700,"ndvi.SRSnr","n","overstory","hd","DavCnpy",6,8,NA
177,18,14,0.558,700,"ndvi.SRSnr","n","overstory","hd","DavCnpy",6,8,NA
182,2016,14,0.552,700,"ndvi.SRSnr","n","overstory","hd","DavCnpy",9,9,0
183,2016,14,0.497,700,"ndvi.SRSnr","n","overstory","hd","DavCnpy",9,9,0.6
184,2016,14,0.552,700,"ndvi.SRSnr","n","overstory","hd","DavCnpy",9,9,0
185,2016,14,0.538,700,"ndvi.SRSnr","n","overstory","hd","DavCnpy",9,9,0.1
186,2016,14,0.529,700,"ndvi.SRSnr","n","overstory","hd","DavCnpy",9,9,0
187,2016,14,0.536,700,"ndvi.SRSnr","n","overstory","hd","DavCnpy",9,9,0
188,2016,14,NA,700,"ndvi.SRSnr","n","overstory","hd","DavCnpy",9,9,5.01
189,2016,14,NA,700,"ndvi.SRSnr","n","overstory","hd","DavCnpy",9,9,8
190,2016,14,0.508,700,"ndvi.SRSnr","n","overstory","hd","DavCnpy",9,9,0.1
191,2016,14,NA,700,"ndvi.SRSnr","n","overstory","hd","DavCnpy",9,9,3
192,2016,14,0.498,700,"ndvi.SRSnr","n","overstory","hd","DavCnpy",9,9,0
193,2016,14,NA,700,"ndvi.SRSnr","n","overstory","hd","DavCnpy",9,9,18.01
194,2016,14,0.536,700,"ndvi.SRSnr","n","overstory","hd","DavCnpy",9,9,0
195,2016,14,NA,700,"ndvi.SRSnr","n","overstory","hd","DavCnpy",9,9,1
196,2016,14,NA,700,"ndvi.SRSnr","n","overstory","hd","DavCnpy",9,9,4
197,2016,14,NA,700,"ndvi.SRSnr","n","overstory","hd","DavCnpy",9,9,11
198,2016,14,0.533,700,"ndvi.SRSnr","n","overstory","hd","DavCnpy",9,9,0
199,2016,14,NA,700,"ndvi.SRSnr","n","overstory","hd","DavCnpy",9,9,2.01
200,2016,14,0.537,700,"ndvi.SRSnr","n","overstory","hd","DavCnpy",9,9,0
201,2016,14,NA,700,"ndvi.SRSnr","n","overstory","hd","DavCnpy",9,9,1
202,2016,14,NA,700,"ndvi.SRSnr","n","overstory","hd","DavCnpy",9,9,3.01
203,2016,14,0.191,700,"ndvi.SRSnr","n","overstory","hd","DavCnpy",9,9,0.01
204,2016,14,NA,700,"ndvi.SRSnr","n","overstory","hd","DavCnpy",9,9,2
205,2016,14,0.566,700,"ndvi.SRSnr","n","overstory","hd","DavCnpy",9,9,0
206,2016,14,NA,700,"ndvi.SRSnr","n","overstory","hd","DavCnpy",9,9,34
207,2016,14,NA,700,"ndvi.SRSnr","n","overstory","hd","DavCnpy",9,9,2
208,2016,14,0.57,700,"ndvi.SRSnr","n","overstory","hd","DavCnpy",9,9,0
209,2016,14,0.517,700,"ndvi.SRSnr","n","overstory","hd","DavCnpy",9,9,0
210,2016,14,0.526,700,"ndvi.SRSnr","n","overstory","hd","DavCnpy",9,9,0.02
211,2016,14,0.541,700,"ndvi.SRSnr","n","overstory","hd","DavCnpy",9,9,0
212,2016,14,0.567,700,"ndvi.SRSnr","n","overstory","hd","DavCnpy",9,9,0
213,2016,14,0.568,700,"ndvi.SRSnr","n","overstory","hd","DavCnpy",9,9,0
214,2016,14,NA,700,"ndvi.SRSnr","n","overstory","hd","DavCnpy",9,9,2
215,2016,14,NA,700,"ndvi.SRSnr","n","overstory","hd","DavCnpy",9,9,0
216,2016,14,0.557,700,"ndvi.SRSnr","n","overstory","hd","DavCnpy",9,9,0
217,2016,14,0.55,700,"ndvi.SRSnr","n","overstory","hd","DavCnpy",9,9,0
218,2016,14,0.553,700,"ndvi.SRSnr","n","overstory","hd","DavCnpy",9,9,0.01
219,2016,14,0.501,700,"ndvi.SRSnr","n","overstory","hd","DavCnpy",9,9,0.3
220,2016,14,0.54,700,"ndvi.SRSnr","n","overstory","hd","DavCnpy",9,9,0.11
221,2016,14,0.557,700,"ndvi.SRSnr","n","overstory","hd","DavCnpy",9,9,0.01
222,2016,14,0.542,700,"ndvi.SRSnr","n","overstory","hd","DavCnpy",9,9,0.01
223,2016,14,0.535,700,"ndvi.SRSnr","n","overstory","hd","DavCnpy",9,9,0
224,2016,14,NA,700,"ndvi.SRSnr","n","overstory","hd","DavCnpy",9,9,8.01
225,2016,14,0.549,700,"ndvi.SRSnr","n","overstory","hd","DavCnpy",9,9,0
226,2016,14,0.484,700,"ndvi.SRSnr","n","overstory","hd","DavCnpy",9,9,0.01
227,2016,14,0.531,700,"ndvi.SRSnr","n","overstory","hd","DavCnpy",9,9,0.61
228,2016,14,0.515,700,"ndvi.SRSnr","n","overstory","hd","DavCnpy",9,9,0.4
229,2016,14,0.513,700,"ndvi.SRSnr","n","overstory","hd","DavCnpy",9,9,0
230,2016,14,0.532,700,"ndvi.SRSnr","n","overstory","hd","DavCnpy",9,9,0.02
231,2016,14,NA,700,"ndvi.SRSnr","n","overstory","hd","DavCnpy",9,9,5.01
232,2016,14,0.504,700,"ndvi.SRSnr","n","overstory","hd","DavCnpy",9,9,0
233,2016,14,0.524,700,"ndvi.SRSnr","n","overstory","hd","DavCnpy",9,9,0
234,2016,14,0.51,700,"ndvi.SRSnr","n","overstory","hd","DavCnpy",9,9,0
235,2016,14,0.517,700,"ndvi.SRSnr","n","overstory","hd","DavCnpy",9,9,0.01
236,2016,14,0.514,700,"ndvi.SRSnr","n","overstory","hd","DavCnpy",9,9,0
237,2016,14,0.473,700,"ndvi.SRSnr","n","overstory","hd","DavCnpy",9,9,0.4
238,2016,14,NA,700,"ndvi.SRSnr","n","overstory","hd","DavCnpy",9,9,5
239,2016,14,0.394,700,"ndvi.SRSnr","n","overstory","hd","DavCnpy",9,9,0.01
240,2016,14,NA,700,"ndvi.SRSnr","n","overstory","hd","DavCnpy",9,9,8
241,2016,14,NA,700,"ndvi.SRSnr","n","overstory","hd","DavCnpy",9,9,2.01
242,2016,14,0.381,700,"ndvi.SRSnr","n","overstory","hd","DavCnpy",9,9,0
243,2016,14,0.329,700,"ndvi.SRSnr","n","overstory","hd","DavCnpy",9,9,0
244,2016,14,NA,700,"ndvi.SRSnr","n","overstory","hd","DavCnpy",9,9,3.01
245,2016,14,0.254,700,"ndvi.SRSnr","n","overstory","hd","DavCnpy",9,9,0
246,2016,14,NA,700,"ndvi.SRSnr","n","overstory","hd","DavCnpy",9,9,2
247,2016,14,0.207,700,"ndvi.SRSnr","n","overstory","hd","DavCnpy",9,9,0.1
248,2016,14,0.186,700,"ndvi.SRSnr","n","overstory","hd","DavCnpy",9,9,0
249,2016,14,0.184,700,"ndvi.SRSnr","n","overstory","hd","DavCnpy",9,9,0
250,2016,14,0.193,700,"ndvi.SRSnr","n","overstory","hd","DavCnpy",9,9,0
251,2016,14,0.192,700,"ndvi.SRSnr","n","overstory","hd","DavCnpy",9,9,0
252,2016,14,0.19,700,"ndvi.SRSnr","n","overstory","hd","DavCnpy",9,9,0
253,2016,14,0.171,700,"ndvi.SRSnr","n","overstory","hd","DavCnpy",9,9,0.02
254,2016,14,NA,700,"ndvi.SRSnr","n","overstory","hd","DavCnpy",9,9,9
255,2016,14,NA,700,"ndvi.SRSnr","n","overstory","hd","DavCnpy",9,9,4.01
256,2016,14,0.178,700,"ndvi.SRSnr","n","overstory","hd","DavCnpy",9,9,0.01
257,2016,14,0.164,700,"ndvi.SRSnr","n","overstory","hd","DavCnpy",9,9,0.5
258,2016,14,0.144,700,"ndvi.SRSnr","n","overstory","hd","DavCnpy",9,9,0
135,2017,14,0.022,700,"ndvi.SRSnr","n","overstory","hd","DavCnpy",9,9,0
136,2017,14,0.004,700,"ndvi.SRSnr","n","overstory","hd","DavCnpy",9,9,0
137,2017,14,-0.006,700,"ndvi.SRSnr","n","overstory","hd","DavCnpy",9,9,0.31
138,2017,14,0.034,700,"ndvi.SRSnr","n","overstory","hd","DavCnpy",9,9,0
139,2017,14,0.06,700,"ndvi.SRSnr","n","overstory","hd","DavCnpy",9,9,0
140,2017,14,0.124,700,"ndvi.SRSnr","n","overstory","hd","DavCnpy",9,9,0
141,2017,14,0.204,700,"ndvi.SRSnr","n","overstory","hd","DavCnpy",9,9,0
142,2017,14,0.247,700,"ndvi.SRSnr","n","overstory","hd","DavCnpy",9,9,0
143,2017,14,0.272,700,"ndvi.SRSnr","n","overstory","hd","DavCnpy",9,9,0
152,2017,14,0.344,700,"ndvi.SRSnr","n","overstory","hd","DavCnpy",9,9,0.01
153,2017,14,NA,700,"ndvi.SRSnr","n","overstory","hd","DavCnpy",9,9,2
154,2017,14,0.329,700,"ndvi.SRSnr","n","overstory","hd","DavCnpy",9,9,0.2
155,2017,14,NA,700,"ndvi.SRSnr","n","overstory","hd","DavCnpy",9,9,5
156,2017,14,NA,700,"ndvi.SRSnr","n","overstory","hd","DavCnpy",9,9,2.01
157,2017,14,0.415,700,"ndvi.SRSnr","n","overstory","hd","DavCnpy",9,9,0
158,2017,14,0.395,700,"ndvi.SRSnr","n","overstory","hd","DavCnpy",9,9,0.01
159,2017,14,0.616,700,"ndvi.SRSnr","n","overstory","hd","DavCnpy",9,9,0.01
160,2017,14,0.517,700,"ndvi.SRSnr","n","overstory","hd","DavCnpy",9,9,0
161,2017,14,0.476,700,"ndvi.SRSnr","n","overstory","hd","DavCnpy",9,9,0.01
162,2017,14,0.51,700,"ndvi.SRSnr","n","overstory","hd","DavCnpy",9,9,0
163,2017,14,0.524,700,"ndvi.SRSnr","n","overstory","hd","DavCnpy",9,9,0
164,2017,14,0.524,700,"ndvi.SRSnr","n","overstory","hd","DavCnpy",9,9,0
165,2017,14,0.516,700,"ndvi.SRSnr","n","overstory","hd","DavCnpy",9,9,0
166,2017,14,0.54,700,"ndvi.SRSnr","n","overstory","hd","DavCnpy",9,9,0.5
167,2017,14,0.544,700,"ndvi.SRSnr","n","overstory","hd","DavCnpy",9,9,0.3
168,2017,14,0.532,700,"ndvi.SRSnr","n","overstory","hd","DavCnpy",9,9,0
169,2017,14,0.53,700,"ndvi.SRSnr","n","overstory","hd","DavCnpy",9,9,0.4
170,2017,14,NA,700,"ndvi.SRSnr","n","overstory","hd","DavCnpy",9,9,2
171,2017,14,0.536,700,"ndvi.SRSnr","n","overstory","hd","DavCnpy",9,9,0.01
172,2017,14,0.519,700,"ndvi.SRSnr","n","overstory","hd","DavCnpy",9,9,0
173,2017,14,0.537,700,"ndvi.SRSnr","n","overstory","hd","DavCnpy",9,9,0.3
174,2017,14,0.56,700,"ndvi.SRSnr","n","overstory","hd","DavCnpy",9,9,0
175,2017,14,NA,700,"ndvi.SRSnr","n","overstory","hd","DavCnpy",9,9,5.01
176,2017,14,0.525,700,"ndvi.SRSnr","n","overstory","hd","DavCnpy",9,9,0.02
177,2017,14,0.527,700,"ndvi.SRSnr","n","overstory","hd","DavCnpy",9,9,0.81
178,2017,14,NA,700,"ndvi.SRSnr","n","overstory","hd","DavCnpy",9,9,4.01
179,2017,14,0.576,700,"ndvi.SRSnr","n","overstory","hd","DavCnpy",9,9,0
180,2017,14,NA,700,"ndvi.SRSnr","n","overstory","hd","DavCnpy",9,9,3.4
181,2017,14,NA,700,"ndvi.SRSnr","n","overstory","hd","DavCnpy",9,9,1
182,2017,14,0.569,700,"ndvi.SRSnr","n","overstory","hd","DavCnpy",9,9,0
183,2017,14,NA,700,"ndvi.SRSnr","n","overstory","hd","DavCnpy",9,9,0.4
184,2017,14,0.547,700,"ndvi.SRSnr","n","overstory","hd","DavCnpy",9,9,0.01
185,2017,14,0.533,700,"ndvi.SRSnr","n","overstory","hd","DavCnpy",9,9,0.01
186,2017,14,0.572,700,"ndvi.SRSnr","n","overstory","hd","DavCnpy",9,9,0
187,2017,14,0.555,700,"ndvi.SRSnr","n","overstory","hd","DavCnpy",9,9,0
188,2017,14,NA,700,"ndvi.SRSnr","n","overstory","hd","DavCnpy",9,9,1.7
189,2017,14,0.537,700,"ndvi.SRSnr","n","overstory","hd","DavCnpy",9,9,0.02
190,2017,14,0.515,700,"ndvi.SRSnr","n","overstory","hd","DavCnpy",9,9,0
191,2017,14,0.531,700,"ndvi.SRSnr","n","overstory","hd","DavCnpy",9,9,0.02
192,2017,14,0.562,700,"ndvi.SRSnr","n","overstory","hd","DavCnpy",9,9,0
193,2017,14,0.543,700,"ndvi.SRSnr","n","overstory","hd","DavCnpy",9,9,0
194,2017,14,0.536,700,"ndvi.SRSnr","n","overstory","hd","DavCnpy",9,9,0
195,2017,14,0.526,700,"ndvi.SRSnr","n","overstory","hd","DavCnpy",9,9,0
196,2017,14,0.521,700,"ndvi.SRSnr","n","overstory","hd","DavCnpy",9,9,0
197,2017,14,0.551,700,"ndvi.SRSnr","n","overstory","hd","DavCnpy",9,9,0
198,2017,14,0.555,700,"ndvi.SRSnr","n","overstory","hd","DavCnpy",9,9,0.3
199,2017,14,0.555,700,"ndvi.SRSnr","n","overstory","hd","DavCnpy",9,9,0
200,2017,14,NA,700,"ndvi.SRSnr","n","overstory","hd","DavCnpy",9,9,1
201,2017,14,0.538,700,"ndvi.SRSnr","n","overstory","hd","DavCnpy",9,9,0
202,2017,14,NA,700,"ndvi.SRSnr","n","overstory","hd","DavCnpy",9,9,3
203,2017,14,0.53,700,"ndvi.SRSnr","n","overstory","hd","DavCnpy",9,9,0.1
204,2017,14,0.553,700,"ndvi.SRSnr","n","overstory","hd","DavCnpy",9,9,0
205,2017,14,NA,700,"ndvi.SRSnr","n","overstory","hd","DavCnpy",9,9,3.5
206,2017,14,0.548,700,"ndvi.SRSnr","n","overstory","hd","DavCnpy",9,9,0.02
207,2017,14,0.544,700,"ndvi.SRSnr","n","overstory","hd","DavCnpy",9,9,0
208,2017,14,NA,700,"ndvi.SRSnr","n","overstory","hd","DavCnpy",9,9,8
209,2017,14,0.564,700,"ndvi.SRSnr","n","overstory","hd","DavCnpy",9,9,0.3
210,2017,14,NA,700,"ndvi.SRSnr","n","overstory","hd","DavCnpy",9,9,8
211,2017,14,0.543,700,"ndvi.SRSnr","n","overstory","hd","DavCnpy",9,9,0.01
212,2017,14,0.541,700,"ndvi.SRSnr","n","overstory","hd","DavCnpy",9,9,0
213,2017,14,0.548,700,"ndvi.SRSnr","n","overstory","hd","DavCnpy",9,9,0
214,2017,14,NA,700,"ndvi.SRSnr","n","overstory","hd","DavCnpy",9,9,3
215,2017,14,NA,700,"ndvi.SRSnr","n","overstory","hd","DavCnpy",9,9,3.01
216,2017,14,0.535,700,"ndvi.SRSnr","n","overstory","hd","DavCnpy",9,9,0
217,2017,14,NA,700,"ndvi.SRSnr","n","overstory","hd","DavCnpy",9,9,3
218,2017,14,0.537,700,"ndvi.SRSnr","n","overstory","hd","DavCnpy",9,9,0
219,2017,14,0.537,700,"ndvi.SRSnr","n","overstory","hd","DavCnpy",9,9,0.4
220,2017,14,0.553,700,"ndvi.SRSnr","n","overstory","hd","DavCnpy",9,9,0
221,2017,14,0.533,700,"ndvi.SRSnr","n","overstory","hd","DavCnpy",9,9,0
222,2017,14,0.535,700,"ndvi.SRSnr","n","overstory","hd","DavCnpy",9,9,0
223,2017,14,0.533,700,"ndvi.SRSnr","n","overstory","hd","DavCnpy",9,9,0.01
224,2017,14,0.536,700,"ndvi.SRSnr","n","overstory","hd","DavCnpy",9,9,0
225,2017,14,0.524,700,"ndvi.SRSnr","n","overstory","hd","DavCnpy",9,9,0
226,2017,14,0.49,700,"ndvi.SRSnr","n","overstory","hd","DavCnpy",9,9,0
227,2017,14,0.494,700,"ndvi.SRSnr","n","overstory","hd","DavCnpy",9,9,0
228,2017,14,0.524,700,"ndvi.SRSnr","n","overstory","hd","DavCnpy",9,9,0
229,2017,14,NA,700,"ndvi.SRSnr","n","overstory","hd","DavCnpy",9,9,4
230,2017,14,0.51,700,"ndvi.SRSnr","n","overstory","hd","DavCnpy",9,9,0
231,2017,14,0.513,700,"ndvi.SRSnr","n","overstory","hd","DavCnpy",9,9,0
232,2017,14,NA,700,"ndvi.SRSnr","n","overstory","hd","DavCnpy",9,9,5
233,2017,14,NA,700,"ndvi.SRSnr","n","overstory","hd","DavCnpy",9,9,1
234,2017,14,0.468,700,"ndvi.SRSnr","n","overstory","hd","DavCnpy",9,9,0
235,2017,14,0.477,700,"ndvi.SRSnr","n","overstory","hd","DavCnpy",9,9,0
236,2017,14,0.465,700,"ndvi.SRSnr","n","overstory","hd","DavCnpy",9,9,0
237,2017,14,0.444,700,"ndvi.SRSnr","n","overstory","hd","DavCnpy",9,9,0
238,2017,14,0.425,700,"ndvi.SRSnr","n","overstory","hd","DavCnpy",9,9,0
239,2017,14,0.398,700,"ndvi.SRSnr","n","overstory","hd","DavCnpy",9,9,0
240,2017,14,0.353,700,"ndvi.SRSnr","n","overstory","hd","DavCnpy",9,9,0.01
241,2017,14,0.337,700,"ndvi.SRSnr","n","overstory","hd","DavCnpy",9,9,0.51
242,2017,14,0.343,700,"ndvi.SRSnr","n","overstory","hd","DavCnpy",9,9,0
243,2017,14,0.319,700,"ndvi.SRSnr","n","overstory","hd","DavCnpy",9,9,0
244,2017,14,0.288,700,"ndvi.SRSnr","n","overstory","hd","DavCnpy",9,9,0
245,2017,14,0.253,700,"ndvi.SRSnr","n","overstory","hd","DavCnpy",9,9,0
246,2017,14,NA,700,"ndvi.SRSnr","n","overstory","hd","DavCnpy",9,9,7
247,2017,14,0.208,700,"ndvi.SRSnr","n","overstory","hd","DavCnpy",9,9,0.4
248,2017,14,0.202,700,"ndvi.SRSnr","n","overstory","hd","DavCnpy",9,9,0.01
249,2017,14,0.188,700,"ndvi.SRSnr","n","overstory","hd","DavCnpy",9,9,0.01
250,2017,14,0.183,700,"ndvi.SRSnr","n","overstory","hd","DavCnpy",9,9,0
251,2017,14,NA,700,"ndvi.SRSnr","n","overstory","hd","DavCnpy",9,9,6
252,2017,14,0.152,700,"ndvi.SRSnr","n","overstory","hd","DavCnpy",9,9,0.61
253,2017,14,NA,700,"ndvi.SRSnr","n","overstory","hd","DavCnpy",9,9,1.01
254,2017,14,NA,700,"ndvi.SRSnr","n","overstory","hd","DavCnpy",9,9,6
255,2017,14,NA,700,"ndvi.SRSnr","n","overstory","hd","DavCnpy",9,9,5.5
256,2017,14,NA,700,"ndvi.SRSnr","n","overstory","hd","DavCnpy",9,9,5
257,2017,14,NA,700,"ndvi.SRSnr","n","overstory","hd","DavCnpy",9,9,1.6
258,2017,14,NA,700,"ndvi.SRSnr","n","overstory","hd","DavCnpy",9,9,4
162,18,14,0.404,700,"ndvi.SRSnr","n","overstory","hd","DavCnpy",9,9,NA
163,18,14,0.473,700,"ndvi.SRSnr","n","overstory","hd","DavCnpy",9,9,NA
164,18,14,0.51,700,"ndvi.SRSnr","n","overstory","hd","DavCnpy",9,9,NA
165,18,14,0.517,700,"ndvi.SRSnr","n","overstory","hd","DavCnpy",9,9,NA
166,18,14,0.516,700,"ndvi.SRSnr","n","overstory","hd","DavCnpy",9,9,NA
167,18,14,0.535,700,"ndvi.SRSnr","n","overstory","hd","DavCnpy",9,9,NA
168,18,14,0.55,700,"ndvi.SRSnr","n","overstory","hd","DavCnpy",9,9,NA
169,18,14,0.551,700,"ndvi.SRSnr","n","overstory","hd","DavCnpy",9,9,NA
170,18,14,0.537,700,"ndvi.SRSnr","n","overstory","hd","DavCnpy",9,9,NA
171,18,14,0.554,700,"ndvi.SRSnr","n","overstory","hd","DavCnpy",9,9,NA
172,18,14,0.55,700,"ndvi.SRSnr","n","overstory","hd","DavCnpy",9,9,NA
173,18,14,0.561,700,"ndvi.SRSnr","n","overstory","hd","DavCnpy",9,9,NA
174,18,14,0.562,700,"ndvi.SRSnr","n","overstory","hd","DavCnpy",9,9,NA
175,18,14,0.559,700,"ndvi.SRSnr","n","overstory","hd","DavCnpy",9,9,NA
176,18,14,0.566,700,"ndvi.SRSnr","n","overstory","hd","DavCnpy",9,9,NA
177,18,14,0.565,700,"ndvi.SRSnr","n","overstory","hd","DavCnpy",9,9,NA
183,2016,14,0.585354329190091,700,"ndvi.SRSnr","n","overstory","ld","LDF2RS",3,12,0.6
184,2016,14,0.588014174466573,700,"ndvi.SRSnr","n","overstory","ld","LDF2RS",3,12,0
185,2016,14,0.586455570174383,700,"ndvi.SRSnr","n","overstory","ld","LDF2RS",3,12,0.1
186,2016,14,0.578414839797639,700,"ndvi.SRSnr","n","overstory","ld","LDF2RS",3,12,0
187,2016,14,0.576256725858009,700,"ndvi.SRSnr","n","overstory","ld","LDF2RS",3,12,0
188,2016,14,NA,700,"ndvi.SRSnr","n","overstory","ld","LDF2RS",3,12,5.01
189,2016,14,NA,700,"ndvi.SRSnr","n","overstory","ld","LDF2RS",3,12,8
190,2016,14,0.479992719898079,700,"ndvi.SRSnr","n","overstory","ld","LDF2RS",3,12,0.1
191,2016,14,NA,700,"ndvi.SRSnr","n","overstory","ld","LDF2RS",3,12,3
192,2016,14,0.426087350512116,700,"ndvi.SRSnr","n","overstory","ld","LDF2RS",3,12,0
193,2016,14,NA,700,"ndvi.SRSnr","n","overstory","ld","LDF2RS",3,12,18.01
194,2016,14,0.558303886925795,700,"ndvi.SRSnr","n","overstory","ld","LDF2RS",3,12,0
195,2016,14,NA,700,"ndvi.SRSnr","n","overstory","ld","LDF2RS",3,12,1
196,2016,14,NA,700,"ndvi.SRSnr","n","overstory","ld","LDF2RS",3,12,4
197,2016,14,NA,700,"ndvi.SRSnr","n","overstory","ld","LDF2RS",3,12,11
198,2016,14,0.564056798976481,700,"ndvi.SRSnr","n","overstory","ld","LDF2RS",3,12,0
199,2016,14,NA,700,"ndvi.SRSnr","n","overstory","ld","LDF2RS",3,12,2.01
200,2016,14,0.565328264094956,700,"ndvi.SRSnr","n","overstory","ld","LDF2RS",3,12,0
201,2016,14,NA,700,"ndvi.SRSnr","n","overstory","ld","LDF2RS",3,12,1
202,2016,14,NA,700,"ndvi.SRSnr","n","overstory","ld","LDF2RS",3,12,3.01
203,2016,14,0.557406629821714,700,"ndvi.SRSnr","n","overstory","ld","LDF2RS",3,12,0.01
204,2016,14,NA,700,"ndvi.SRSnr","n","overstory","ld","LDF2RS",3,12,2
205,2016,14,0.559595156204039,700,"ndvi.SRSnr","n","overstory","ld","LDF2RS",3,12,0
206,2016,14,NA,700,"ndvi.SRSnr","n","overstory","ld","LDF2RS",3,12,34
207,2016,14,NA,700,"ndvi.SRSnr","n","overstory","ld","LDF2RS",3,12,2
208,2016,14,0.552867388926821,700,"ndvi.SRSnr","n","overstory","ld","LDF2RS",3,12,0
209,2016,14,0.542895523641164,700,"ndvi.SRSnr","n","overstory","ld","LDF2RS",3,12,0
210,2016,14,0.544409525215667,700,"ndvi.SRSnr","n","overstory","ld","LDF2RS",3,12,0.02
211,2016,14,0.553550548707635,700,"ndvi.SRSnr","n","overstory","ld","LDF2RS",3,12,0
212,2016,14,0.552421827099939,700,"ndvi.SRSnr","n","overstory","ld","LDF2RS",3,12,0
213,2016,14,0.541681435625201,700,"ndvi.SRSnr","n","overstory","ld","LDF2RS",3,12,0
214,2016,14,NA,700,"ndvi.SRSnr","n","overstory","ld","LDF2RS",3,12,2
215,2016,14,0.545772187281621,700,"ndvi.SRSnr","n","overstory","ld","LDF2RS",3,12,0
216,2016,14,0.538436902440633,700,"ndvi.SRSnr","n","overstory","ld","LDF2RS",3,12,0
217,2016,14,0.533020877716233,700,"ndvi.SRSnr","n","overstory","ld","LDF2RS",3,12,0
218,2016,14,0.532554257095159,700,"ndvi.SRSnr","n","overstory","ld","LDF2RS",3,12,0.01
219,2016,14,0.51754779642761,700,"ndvi.SRSnr","n","overstory","ld","LDF2RS",3,12,0.3
220,2016,14,0.487216799886356,700,"ndvi.SRSnr","n","overstory","ld","LDF2RS",3,12,0.11
221,2016,14,0.532284090643343,700,"ndvi.SRSnr","n","overstory","ld","LDF2RS",3,12,0.01
222,2016,14,0.530679675175524,700,"ndvi.SRSnr","n","overstory","ld","LDF2RS",3,12,0.01
223,2016,14,0.524683452382524,700,"ndvi.SRSnr","n","overstory","ld","LDF2RS",3,12,0
224,2016,14,NA,700,"ndvi.SRSnr","n","overstory","ld","LDF2RS",3,12,8.01
225,2016,14,0.51779723750558,700,"ndvi.SRSnr","n","overstory","ld","LDF2RS",3,12,0
226,2016,14,0.533912202869029,700,"ndvi.SRSnr","n","overstory","ld","LDF2RS",3,12,0.01
227,2016,14,0.543573697833777,700,"ndvi.SRSnr","n","overstory","ld","LDF2RS",3,12,0.61
228,2016,14,0.513505228152719,700,"ndvi.SRSnr","n","overstory","ld","LDF2RS",3,12,0.4
229,2016,14,0.509221984202254,700,"ndvi.SRSnr","n","overstory","ld","LDF2RS",3,12,0
230,2016,14,0.498086970831448,700,"ndvi.SRSnr","n","overstory","ld","LDF2RS",3,12,0.02
231,2016,14,NA,700,"ndvi.SRSnr","n","overstory","ld","LDF2RS",3,12,5.01
232,2016,14,0.501113256529411,700,"ndvi.SRSnr","n","overstory","ld","LDF2RS",3,12,0
233,2016,14,0.494992004040064,700,"ndvi.SRSnr","n","overstory","ld","LDF2RS",3,12,0
234,2016,14,0.483884154988055,700,"ndvi.SRSnr","n","overstory","ld","LDF2RS",3,12,0
235,2016,14,0.48055802908875,700,"ndvi.SRSnr","n","overstory","ld","LDF2RS",3,12,0.01
236,2016,14,0.455982210221181,700,"ndvi.SRSnr","n","overstory","ld","LDF2RS",3,12,0
237,2016,14,0.421285991559679,700,"ndvi.SRSnr","n","overstory","ld","LDF2RS",3,12,0.4
238,2016,14,NA,700,"ndvi.SRSnr","n","overstory","ld","LDF2RS",3,12,5
239,2016,14,0.37607237560443,700,"ndvi.SRSnr","n","overstory","ld","LDF2RS",3,12,0.01
240,2016,14,NA,700,"ndvi.SRSnr","n","overstory","ld","LDF2RS",3,12,8
241,2016,14,NA,700,"ndvi.SRSnr","n","overstory","ld","LDF2RS",3,12,2.01
242,2016,14,0.3175908604238,700,"ndvi.SRSnr","n","overstory","ld","LDF2RS",3,12,0
243,2016,14,0.310137972405519,700,"ndvi.SRSnr","n","overstory","ld","LDF2RS",3,12,0
244,2016,14,NA,700,"ndvi.SRSnr","n","overstory","ld","LDF2RS",3,12,3.01
245,2016,14,0.278177936817533,700,"ndvi.SRSnr","n","overstory","ld","LDF2RS",3,12,0
246,2016,14,NA,700,"ndvi.SRSnr","n","overstory","ld","LDF2RS",3,12,2
247,2016,14,0.256846499272658,700,"ndvi.SRSnr","n","overstory","ld","LDF2RS",3,12,0.1
248,2016,14,0.259436736294134,700,"ndvi.SRSnr","n","overstory","ld","LDF2RS",3,12,0
249,2016,14,0.259825454263986,700,"ndvi.SRSnr","n","overstory","ld","LDF2RS",3,12,0
250,2016,14,0.264001976386301,700,"ndvi.SRSnr","n","overstory","ld","LDF2RS",3,12,0
251,2016,14,0.260128584549444,700,"ndvi.SRSnr","n","overstory","ld","LDF2RS",3,12,0
252,2016,14,0.253088953927242,700,"ndvi.SRSnr","n","overstory","ld","LDF2RS",3,12,0
253,2016,14,0.250164026619177,700,"ndvi.SRSnr","n","overstory","ld","LDF2RS",3,12,0.02
254,2016,14,NA,700,"ndvi.SRSnr","n","overstory","ld","LDF2RS",3,12,9
255,2016,14,NA,700,"ndvi.SRSnr","n","overstory","ld","LDF2RS",3,12,4.01
256,2016,14,0.239774973392124,700,"ndvi.SRSnr","n","overstory","ld","LDF2RS",3,12,0.01
257,2016,14,0.243188698284561,700,"ndvi.SRSnr","n","overstory","ld","LDF2RS",3,12,0.5
258,2016,14,0.231048081464963,700,"ndvi.SRSnr","n","overstory","ld","LDF2RS",3,12,0
139,2017,14,-0.070354363404093,700,"ndvi.SRSnr","n","overstory","ld","LDF2RS",3,12,0
140,2017,14,-0.0311447123313354,700,"ndvi.SRSnr","n","overstory","ld","LDF2RS",3,12,0
141,2017,14,0.13941919733603,700,"ndvi.SRSnr","n","overstory","ld","LDF2RS",3,12,0
142,2017,14,0.255854094563772,700,"ndvi.SRSnr","n","overstory","ld","LDF2RS",3,12,0
143,2017,14,0.257461088105098,700,"ndvi.SRSnr","n","overstory","ld","LDF2RS",3,12,0
144,2017,14,NA,700,"ndvi.SRSnr","n","overstory","ld","LDF2RS",3,12,0
145,2017,14,NA,700,"ndvi.SRSnr","n","overstory","ld","LDF2RS",3,12,0
146,2017,14,NA,700,"ndvi.SRSnr","n","overstory","ld","LDF2RS",3,12,0
147,2017,14,NA,700,"ndvi.SRSnr","n","overstory","ld","LDF2RS",3,12,0
148,2017,14,NA,700,"ndvi.SRSnr","n","overstory","ld","LDF2RS",3,12,0
149,2017,14,NA,700,"ndvi.SRSnr","n","overstory","ld","LDF2RS",3,12,0
150,2017,14,NA,700,"ndvi.SRSnr","n","overstory","ld","LDF2RS",3,12,0
151,2017,14,NA,700,"ndvi.SRSnr","n","overstory","ld","LDF2RS",3,12,0
152,2017,14,0.253155541486962,700,"ndvi.SRSnr","n","overstory","ld","LDF2RS",3,12,0.01
153,2017,14,NA,700,"ndvi.SRSnr","n","overstory","ld","LDF2RS",3,12,2
154,2017,14,0.271441077797167,700,"ndvi.SRSnr","n","overstory","ld","LDF2RS",3,12,0.2
155,2017,14,NA,700,"ndvi.SRSnr","n","overstory","ld","LDF2RS",3,12,5
156,2017,14,NA,700,"ndvi.SRSnr","n","overstory","ld","LDF2RS",3,12,2.01
157,2017,14,0.276410998552822,700,"ndvi.SRSnr","n","overstory","ld","LDF2RS",3,12,0
158,2017,14,0.282242684002215,700,"ndvi.SRSnr","n","overstory","ld","LDF2RS",3,12,0.01
159,2017,14,NA,700,"ndvi.SRSnr","n","overstory","ld","LDF2RS",3,12,0.01
160,2017,14,0.311031289219717,700,"ndvi.SRSnr","n","overstory","ld","LDF2RS",3,12,0
161,2017,14,0.355566296117287,700,"ndvi.SRSnr","n","overstory","ld","LDF2RS",3,12,0.01
162,2017,14,0.34020618556701,700,"ndvi.SRSnr","n","overstory","ld","LDF2RS",3,12,0
163,2017,14,0.33948700157122,700,"ndvi.SRSnr","n","overstory","ld","LDF2RS",3,12,0
164,2017,14,0.347232791875508,700,"ndvi.SRSnr","n","overstory","ld","LDF2RS",3,12,0
165,2017,14,0.349802827707502,700,"ndvi.SRSnr","n","overstory","ld","LDF2RS",3,12,0
166,2017,14,0.374203086743275,700,"ndvi.SRSnr","n","overstory","ld","LDF2RS",3,12,0.5
167,2017,14,0.392135164201437,700,"ndvi.SRSnr","n","overstory","ld","LDF2RS",3,12,0.3
168,2017,14,0.399296989758327,700,"ndvi.SRSnr","n","overstory","ld","LDF2RS",3,12,0
169,2017,14,0.427180295002148,700,"ndvi.SRSnr","n","overstory","ld","LDF2RS",3,12,0.4
170,2017,14,NA,700,"ndvi.SRSnr","n","overstory","ld","LDF2RS",3,12,2
171,2017,14,0.4263545720132,700,"ndvi.SRSnr","n","overstory","ld","LDF2RS",3,12,0.01
172,2017,14,0.422984199252251,700,"ndvi.SRSnr","n","overstory","ld","LDF2RS",3,12,0
173,2017,14,0.418326147950455,700,"ndvi.SRSnr","n","overstory","ld","LDF2RS",3,12,0.3
174,2017,14,0.407566888046398,700,"ndvi.SRSnr","n","overstory","ld","LDF2RS",3,12,0
175,2017,14,NA,700,"ndvi.SRSnr","n","overstory","ld","LDF2RS",3,12,5.01
176,2017,14,0.44821415256133,700,"ndvi.SRSnr","n","overstory","ld","LDF2RS",3,12,0.02
177,2017,14,0.443954702651387,700,"ndvi.SRSnr","n","overstory","ld","LDF2RS",3,12,0.81
178,2017,14,NA,700,"ndvi.SRSnr","n","overstory","ld","LDF2RS",3,12,4.01
179,2017,14,0.431063910487389,700,"ndvi.SRSnr","n","overstory","ld","LDF2RS",3,12,0
180,2017,14,NA,700,"ndvi.SRSnr","n","overstory","ld","LDF2RS",3,12,3.4
181,2017,14,NA,700,"ndvi.SRSnr","n","overstory","ld","LDF2RS",3,12,1
182,2017,14,0.430407827995155,700,"ndvi.SRSnr","n","overstory","ld","LDF2RS",3,12,0
183,2017,14,0.441269841269841,700,"ndvi.SRSnr","n","overstory","ld","LDF2RS",3,12,0.4
184,2017,14,0.430075263590191,700,"ndvi.SRSnr","n","overstory","ld","LDF2RS",3,12,0.01
185,2017,14,0.45486922918509,700,"ndvi.SRSnr","n","overstory","ld","LDF2RS",3,12,0.01
186,2017,14,0.443413729128015,700,"ndvi.SRSnr","n","overstory","ld","LDF2RS",3,12,0
187,2017,14,0.449053668654395,700,"ndvi.SRSnr","n","overstory","ld","LDF2RS",3,12,0
188,2017,14,NA,700,"ndvi.SRSnr","n","overstory","ld","LDF2RS",3,12,1.7
189,2017,14,0.46571299308443,700,"ndvi.SRSnr","n","overstory","ld","LDF2RS",3,12,0.02
190,2017,14,0.451453647833242,700,"ndvi.SRSnr","n","overstory","ld","LDF2RS",3,12,0
191,2017,14,0.458794587945879,700,"ndvi.SRSnr","n","overstory","ld","LDF2RS",3,12,0.02
192,2017,14,0.445154347972291,700,"ndvi.SRSnr","n","overstory","ld","LDF2RS",3,12,0
193,2017,14,0.469526688588363,700,"ndvi.SRSnr","n","overstory","ld","LDF2RS",3,12,0
194,2017,14,0.464990302949241,700,"ndvi.SRSnr","n","overstory","ld","LDF2RS",3,12,0
195,2017,14,0.458309926972153,700,"ndvi.SRSnr","n","overstory","ld","LDF2RS",3,12,0
196,2017,14,0.470661672908864,700,"ndvi.SRSnr","n","overstory","ld","LDF2RS",3,12,0
197,2017,14,0.459432509099115,700,"ndvi.SRSnr","n","overstory","ld","LDF2RS",3,12,0
198,2017,14,0.464076369117401,700,"ndvi.SRSnr","n","overstory","ld","LDF2RS",3,12,0.3
199,2017,14,0.452246187554081,700,"ndvi.SRSnr","n","overstory","ld","LDF2RS",3,12,0
200,2017,14,NA,700,"ndvi.SRSnr","n","overstory","ld","LDF2RS",3,12,1
201,2017,14,0.449289840037909,700,"ndvi.SRSnr","n","overstory","ld","LDF2RS",3,12,0
202,2017,14,NA,700,"ndvi.SRSnr","n","overstory","ld","LDF2RS",3,12,3
203,2017,14,0.446938293348225,700,"ndvi.SRSnr","n","overstory","ld","LDF2RS",3,12,0.1
204,2017,14,0.44058738324759,700,"ndvi.SRSnr","n","overstory","ld","LDF2RS",3,12,0
205,2017,14,NA,700,"ndvi.SRSnr","n","overstory","ld","LDF2RS",3,12,3.5
206,2017,14,0.423159226661208,700,"ndvi.SRSnr","n","overstory","ld","LDF2RS",3,12,0.02
207,2017,14,0.428213200697167,700,"ndvi.SRSnr","n","overstory","ld","LDF2RS",3,12,0
208,2017,14,NA,700,"ndvi.SRSnr","n","overstory","ld","LDF2RS",3,12,8
209,2017,14,0.428692219359335,700,"ndvi.SRSnr","n","overstory","ld","LDF2RS",3,12,0.3
210,2017,14,NA,700,"ndvi.SRSnr","n","overstory","ld","LDF2RS",3,12,8
211,2017,14,0.42864794893541,700,"ndvi.SRSnr","n","overstory","ld","LDF2RS",3,12,0.01
212,2017,14,0.403321609652397,700,"ndvi.SRSnr","n","overstory","ld","LDF2RS",3,12,0
213,2017,14,0.407457002971084,700,"ndvi.SRSnr","n","overstory","ld","LDF2RS",3,12,0
214,2017,14,NA,700,"ndvi.SRSnr","n","overstory","ld","LDF2RS",3,12,3
215,2017,14,NA,700,"ndvi.SRSnr","n","overstory","ld","LDF2RS",3,12,3.01
216,2017,14,0.420289855072464,700,"ndvi.SRSnr","n","overstory","ld","LDF2RS",3,12,0
217,2017,14,NA,700,"ndvi.SRSnr","n","overstory","ld","LDF2RS",3,12,3
218,2017,14,0.411206699159334,700,"ndvi.SRSnr","n","overstory","ld","LDF2RS",3,12,0
219,2017,14,0.408332988539038,700,"ndvi.SRSnr","n","overstory","ld","LDF2RS",3,12,0.4
220,2017,14,0.406779661016949,700,"ndvi.SRSnr","n","overstory","ld","LDF2RS",3,12,0
221,2017,14,0.406403854883201,700,"ndvi.SRSnr","n","overstory","ld","LDF2RS",3,12,0
222,2017,14,0.404835709857409,700,"ndvi.SRSnr","n","overstory","ld","LDF2RS",3,12,0
223,2017,14,0.400189715275449,700,"ndvi.SRSnr","n","overstory","ld","LDF2RS",3,12,0.01
224,2017,14,0.39443464797213,700,"ndvi.SRSnr","n","overstory","ld","LDF2RS",3,12,0
225,2017,14,0.388646288209607,700,"ndvi.SRSnr","n","overstory","ld","LDF2RS",3,12,0
226,2017,14,0.388791374122367,700,"ndvi.SRSnr","n","overstory","ld","LDF2RS",3,12,0
227,2017,14,0.396872563585813,700,"ndvi.SRSnr","n","overstory","ld","LDF2RS",3,12,0
228,2017,14,0.37211463081792,700,"ndvi.SRSnr","n","overstory","ld","LDF2RS",3,12,0
229,2017,14,NA,700,"ndvi.SRSnr","n","overstory","ld","LDF2RS",3,12,4
230,2017,14,0.375133540009595,700,"ndvi.SRSnr","n","overstory","ld","LDF2RS",3,12,0
231,2017,14,0.368290380751955,700,"ndvi.SRSnr","n","overstory","ld","LDF2RS",3,12,0
232,2017,14,NA,700,"ndvi.SRSnr","n","overstory","ld","LDF2RS",3,12,5
233,2017,14,NA,700,"ndvi.SRSnr","n","overstory","ld","LDF2RS",3,12,1
234,2017,14,0.388497312606611,700,"ndvi.SRSnr","n","overstory","ld","LDF2RS",3,12,0
235,2017,14,0.338946707808169,700,"ndvi.SRSnr","n","overstory","ld","LDF2RS",3,12,0
236,2017,14,0.315012051667662,700,"ndvi.SRSnr","n","overstory","ld","LDF2RS",3,12,0
237,2017,14,0.303555778139477,700,"ndvi.SRSnr","n","overstory","ld","LDF2RS",3,12,0
238,2017,14,0.294829367264,700,"ndvi.SRSnr","n","overstory","ld","LDF2RS",3,12,0
239,2017,14,0.296418771547175,700,"ndvi.SRSnr","n","overstory","ld","LDF2RS",3,12,0
240,2017,14,0.314401678344691,700,"ndvi.SRSnr","n","overstory","ld","LDF2RS",3,12,0.01
241,2017,14,0.37733499377335,700,"ndvi.SRSnr","n","overstory","ld","LDF2RS",3,12,0.51
242,2017,14,0.285723675850011,700,"ndvi.SRSnr","n","overstory","ld","LDF2RS",3,12,0
243,2017,14,0.281079486801357,700,"ndvi.SRSnr","n","overstory","ld","LDF2RS",3,12,0
244,2017,14,0.278948575923437,700,"ndvi.SRSnr","n","overstory","ld","LDF2RS",3,12,0
245,2017,14,0.271070615034169,700,"ndvi.SRSnr","n","overstory","ld","LDF2RS",3,12,0
246,2017,14,NA,700,"ndvi.SRSnr","n","overstory","ld","LDF2RS",3,12,7
247,2017,14,0.269836118773325,700,"ndvi.SRSnr","n","overstory","ld","LDF2RS",3,12,0.4
248,2017,14,0.281189083820663,700,"ndvi.SRSnr","n","overstory","ld","LDF2RS",3,12,0.01
249,2017,14,0.264085304349616,700,"ndvi.SRSnr","n","overstory","ld","LDF2RS",3,12,0.01
250,2017,14,0.274487689375202,700,"ndvi.SRSnr","n","overstory","ld","LDF2RS",3,12,0
251,2017,14,NA,700,"ndvi.SRSnr","n","overstory","ld","LDF2RS",3,12,6
252,2017,14,0.281264973646382,700,"ndvi.SRSnr","n","overstory","ld","LDF2RS",3,12,0.61
253,2017,14,NA,700,"ndvi.SRSnr","n","overstory","ld","LDF2RS",3,12,1.01
254,2017,14,NA,700,"ndvi.SRSnr","n","overstory","ld","LDF2RS",3,12,6
255,2017,14,NA,700,"ndvi.SRSnr","n","overstory","ld","LDF2RS",3,12,5.5
256,2017,14,NA,700,"ndvi.SRSnr","n","overstory","ld","LDF2RS",3,12,5
257,2017,14,NA,700,"ndvi.SRSnr","n","overstory","ld","LDF2RS",3,12,1.6
258,2017,14,NA,700,"ndvi.SRSnr","n","overstory","ld","LDF2RS",3,12,4
135,2018,14,NA,700,"ndvi.SRSnr","n","overstory","ld","LDF2RS",3,12,NA
136,2018,14,NA,700,"ndvi.SRSnr","n","overstory","ld","LDF2RS",3,12,NA
137,2018,14,NA,700,"ndvi.SRSnr","n","overstory","ld","LDF2RS",3,12,NA
138,2018,14,NA,700,"ndvi.SRSnr","n","overstory","ld","LDF2RS",3,12,NA
139,2018,14,NA,700,"ndvi.SRSnr","n","overstory","ld","LDF2RS",3,12,NA
140,2018,14,NA,700,"ndvi.SRSnr","n","overstory","ld","LDF2RS",3,12,NA
141,2018,14,NA,700,"ndvi.SRSnr","n","overstory","ld","LDF2RS",3,12,NA
142,2018,14,NA,700,"ndvi.SRSnr","n","overstory","ld","LDF2RS",3,12,NA
143,2018,14,NA,700,"ndvi.SRSnr","n","overstory","ld","LDF2RS",3,12,NA
144,2018,14,NA,700,"ndvi.SRSnr","n","overstory","ld","LDF2RS",3,12,NA
145,2018,14,NA,700,"ndvi.SRSnr","n","overstory","ld","LDF2RS",3,12,NA
146,2018,14,NA,700,"ndvi.SRSnr","n","overstory","ld","LDF2RS",3,12,NA
147,2018,14,NA,700,"ndvi.SRSnr","n","overstory","ld","LDF2RS",3,12,NA
148,2018,14,NA,700,"ndvi.SRSnr","n","overstory","ld","LDF2RS",3,12,NA
149,2018,14,NA,700,"ndvi.SRSnr","n","overstory","ld","LDF2RS",3,12,NA
150,2018,14,NA,700,"ndvi.SRSnr","n","overstory","ld","LDF2RS",3,12,NA
151,2018,14,NA,700,"ndvi.SRSnr","n","overstory","ld","LDF2RS",3,12,NA
152,2018,14,NA,700,"ndvi.SRSnr","n","overstory","ld","LDF2RS",3,12,NA
153,2018,14,NA,700,"ndvi.SRSnr","n","overstory","ld","LDF2RS",3,12,NA
154,2018,14,NA,700,"ndvi.SRSnr","n","overstory","ld","LDF2RS",3,12,NA
155,2018,14,NA,700,"ndvi.SRSnr","n","overstory","ld","LDF2RS",3,12,NA
156,2018,14,NA,700,"ndvi.SRSnr","n","overstory","ld","LDF2RS",3,12,NA
157,2018,14,NA,700,"ndvi.SRSnr","n","overstory","ld","LDF2RS",3,12,NA
158,2018,14,NA,700,"ndvi.SRSnr","n","overstory","ld","LDF2RS",3,12,NA
159,2018,14,NA,700,"ndvi.SRSnr","n","overstory","ld","LDF2RS",3,12,NA
160,2018,14,NA,700,"ndvi.SRSnr","n","overstory","ld","LDF2RS",3,12,NA
161,2018,14,NA,700,"ndvi.SRSnr","n","overstory","ld","LDF2RS",3,12,NA
183,2016,14,0.693400032273681,700,"ndvi.SRSnr","n","overstory","ld","LDF2RS",6,13,0.6
184,2016,14,0.702819560319104,700,"ndvi.SRSnr","n","overstory","ld","LDF2RS",6,13,0
185,2016,14,0.707915490215169,700,"ndvi.SRSnr","n","overstory","ld","LDF2RS",6,13,0.1
186,2016,14,0.692705463484932,700,"ndvi.SRSnr","n","overstory","ld","LDF2RS",6,13,0
187,2016,14,0.699424321157471,700,"ndvi.SRSnr","n","overstory","ld","LDF2RS",6,13,0
188,2016,14,NA,700,"ndvi.SRSnr","n","overstory","ld","LDF2RS",6,13,5.01
189,2016,14,NA,700,"ndvi.SRSnr","n","overstory","ld","LDF2RS",6,13,8
190,2016,14,0.691054398816251,700,"ndvi.SRSnr","n","overstory","ld","LDF2RS",6,13,0.1
191,2016,14,NA,700,"ndvi.SRSnr","n","overstory","ld","LDF2RS",6,13,3
192,2016,14,0.689575960762401,700,"ndvi.SRSnr","n","overstory","ld","LDF2RS",6,13,0
193,2016,14,NA,700,"ndvi.SRSnr","n","overstory","ld","LDF2RS",6,13,18.01
194,2016,14,0.694862447203173,700,"ndvi.SRSnr","n","overstory","ld","LDF2RS",6,13,0
195,2016,14,NA,700,"ndvi.SRSnr","n","overstory","ld","LDF2RS",6,13,1
196,2016,14,NA,700,"ndvi.SRSnr","n","overstory","ld","LDF2RS",6,13,4
197,2016,14,NA,700,"ndvi.SRSnr","n","overstory","ld","LDF2RS",6,13,11
198,2016,14,0.683769029337357,700,"ndvi.SRSnr","n","overstory","ld","LDF2RS",6,13,0
199,2016,14,NA,700,"ndvi.SRSnr","n","overstory","ld","LDF2RS",6,13,2.01
200,2016,14,0.694278420642321,700,"ndvi.SRSnr","n","overstory","ld","LDF2RS",6,13,0
201,2016,14,NA,700,"ndvi.SRSnr","n","overstory","ld","LDF2RS",6,13,1
202,2016,14,NA,700,"ndvi.SRSnr","n","overstory","ld","LDF2RS",6,13,3.01
203,2016,14,0.693451354561827,700,"ndvi.SRSnr","n","overstory","ld","LDF2RS",6,13,0.01
204,2016,14,NA,700,"ndvi.SRSnr","n","overstory","ld","LDF2RS",6,13,2
205,2016,14,0.681905838447928,700,"ndvi.SRSnr","n","overstory","ld","LDF2RS",6,13,0
206,2016,14,NA,700,"ndvi.SRSnr","n","overstory","ld","LDF2RS",6,13,34
207,2016,14,NA,700,"ndvi.SRSnr","n","overstory","ld","LDF2RS",6,13,2
208,2016,14,0.67973646886581,700,"ndvi.SRSnr","n","overstory","ld","LDF2RS",6,13,0
209,2016,14,0.677144109033047,700,"ndvi.SRSnr","n","overstory","ld","LDF2RS",6,13,0
210,2016,14,0.679357599921931,700,"ndvi.SRSnr","n","overstory","ld","LDF2RS",6,13,0.02
211,2016,14,0.672412789004717,700,"ndvi.SRSnr","n","overstory","ld","LDF2RS",6,13,0
212,2016,14,0.685504921847973,700,"ndvi.SRSnr","n","overstory","ld","LDF2RS",6,13,0
213,2016,14,0.675754848303583,700,"ndvi.SRSnr","n","overstory","ld","LDF2RS",6,13,0
214,2016,14,NA,700,"ndvi.SRSnr","n","overstory","ld","LDF2RS",6,13,2
215,2016,14,NA,700,"ndvi.SRSnr","n","overstory","ld","LDF2RS",6,13,0
216,2016,14,NA,700,"ndvi.SRSnr","n","overstory","ld","LDF2RS",6,13,0
217,2016,14,NA,700,"ndvi.SRSnr","n","overstory","ld","LDF2RS",6,13,0
218,2016,14,0.662823061630219,700,"ndvi.SRSnr","n","overstory","ld","LDF2RS",6,13,0.01
219,2016,14,0.658605974395448,700,"ndvi.SRSnr","n","overstory","ld","LDF2RS",6,13,0.3
220,2016,14,0.669873365486292,700,"ndvi.SRSnr","n","overstory","ld","LDF2RS",6,13,0.11
221,2016,14,0.658518539597621,700,"ndvi.SRSnr","n","overstory","ld","LDF2RS",6,13,0.01
222,2016,14,0.663206793931915,700,"ndvi.SRSnr","n","overstory","ld","LDF2RS",6,13,0.01
223,2016,14,0.64908698814552,700,"ndvi.SRSnr","n","overstory","ld","LDF2RS",6,13,0
224,2016,14,NA,700,"ndvi.SRSnr","n","overstory","ld","LDF2RS",6,13,8.01
225,2016,14,0.644823299591547,700,"ndvi.SRSnr","n","overstory","ld","LDF2RS",6,13,0
226,2016,14,0.661275298501143,700,"ndvi.SRSnr","n","overstory","ld","LDF2RS",6,13,0.01
227,2016,14,0.665439946470392,700,"ndvi.SRSnr","n","overstory","ld","LDF2RS",6,13,0.61
228,2016,14,0.633986629074043,700,"ndvi.SRSnr","n","overstory","ld","LDF2RS",6,13,0.4
229,2016,14,0.639899171768095,700,"ndvi.SRSnr","n","overstory","ld","LDF2RS",6,13,0
230,2016,14,0.619228938600666,700,"ndvi.SRSnr","n","overstory","ld","LDF2RS",6,13,0.02
231,2016,14,NA,700,"ndvi.SRSnr","n","overstory","ld","LDF2RS",6,13,5.01
232,2016,14,0.596231493943472,700,"ndvi.SRSnr","n","overstory","ld","LDF2RS",6,13,0
233,2016,14,0.606281327134788,700,"ndvi.SRSnr","n","overstory","ld","LDF2RS",6,13,0
234,2016,14,0.597914179807753,700,"ndvi.SRSnr","n","overstory","ld","LDF2RS",6,13,0
235,2016,14,0.593194913665155,700,"ndvi.SRSnr","n","overstory","ld","LDF2RS",6,13,0.01
236,2016,14,0.573194037457001,700,"ndvi.SRSnr","n","overstory","ld","LDF2RS",6,13,0
237,2016,14,0.522615213611879,700,"ndvi.SRSnr","n","overstory","ld","LDF2RS",6,13,0.4
238,2016,14,NA,700,"ndvi.SRSnr","n","overstory","ld","LDF2RS",6,13,5
239,2016,14,0.509122146772478,700,"ndvi.SRSnr","n","overstory","ld","LDF2RS",6,13,0.01
240,2016,14,NA,700,"ndvi.SRSnr","n","overstory","ld","LDF2RS",6,13,8
241,2016,14,NA,700,"ndvi.SRSnr","n","overstory","ld","LDF2RS",6,13,2.01
242,2016,14,0.470703435134706,700,"ndvi.SRSnr","n","overstory","ld","LDF2RS",6,13,0
243,2016,14,0.457167438239993,700,"ndvi.SRSnr","n","overstory","ld","LDF2RS",6,13,0
244,2016,14,NA,700,"ndvi.SRSnr","n","overstory","ld","LDF2RS",6,13,3.01
245,2016,14,0.442465839016817,700,"ndvi.SRSnr","n","overstory","ld","LDF2RS",6,13,0
246,2016,14,NA,700,"ndvi.SRSnr","n","overstory","ld","LDF2RS",6,13,2
247,2016,14,0.430778613539337,700,"ndvi.SRSnr","n","overstory","ld","LDF2RS",6,13,0.1
248,2016,14,0.434112949229892,700,"ndvi.SRSnr","n","overstory","ld","LDF2RS",6,13,0
249,2016,14,0.435727547417088,700,"ndvi.SRSnr","n","overstory","ld","LDF2RS",6,13,0
250,2016,14,0.43990304528577,700,"ndvi.SRSnr","n","overstory","ld","LDF2RS",6,13,0
251,2016,14,0.438745887362106,700,"ndvi.SRSnr","n","overstory","ld","LDF2RS",6,13,0
252,2016,14,0.426213005838534,700,"ndvi.SRSnr","n","overstory","ld","LDF2RS",6,13,0
253,2016,14,0.4358009916225,700,"ndvi.SRSnr","n","overstory","ld","LDF2RS",6,13,0.02
254,2016,14,NA,700,"ndvi.SRSnr","n","overstory","ld","LDF2RS",6,13,9
255,2016,14,NA,700,"ndvi.SRSnr","n","overstory","ld","LDF2RS",6,13,4.01
256,2016,14,0.460322942751058,700,"ndvi.SRSnr","n","overstory","ld","LDF2RS",6,13,0.01
257,2016,14,0.448444031583836,700,"ndvi.SRSnr","n","overstory","ld","LDF2RS",6,13,0.5
258,2016,14,0.440357079482945,700,"ndvi.SRSnr","n","overstory","ld","LDF2RS",6,13,0
139,2017,14,0.0586516384888332,700,"ndvi.SRSnr","n","overstory","ld","LDF2RS",6,13,0
140,2017,14,0.160213439557663,700,"ndvi.SRSnr","n","overstory","ld","LDF2RS",6,13,0
141,2017,14,0.419042833814847,700,"ndvi.SRSnr","n","overstory","ld","LDF2RS",6,13,0
142,2017,14,0.465467347427792,700,"ndvi.SRSnr","n","overstory","ld","LDF2RS",6,13,0
143,2017,14,0.464223031019639,700,"ndvi.SRSnr","n","overstory","ld","LDF2RS",6,13,0
144,2017,14,NA,700,"ndvi.SRSnr","n","overstory","ld","LDF2RS",6,13,0
145,2017,14,NA,700,"ndvi.SRSnr","n","overstory","ld","LDF2RS",6,13,0
146,2017,14,NA,700,"ndvi.SRSnr","n","overstory","ld","LDF2RS",6,13,0
147,2017,14,NA,700,"ndvi.SRSnr","n","overstory","ld","LDF2RS",6,13,0
148,2017,14,NA,700,"ndvi.SRSnr","n","overstory","ld","LDF2RS",6,13,0
149,2017,14,NA,700,"ndvi.SRSnr","n","overstory","ld","LDF2RS",6,13,0
150,2017,14,NA,700,"ndvi.SRSnr","n","overstory","ld","LDF2RS",6,13,0
151,2017,14,NA,700,"ndvi.SRSnr","n","overstory","ld","LDF2RS",6,13,0
152,2017,14,0.455259317121302,700,"ndvi.SRSnr","n","overstory","ld","LDF2RS",6,13,0.01
153,2017,14,NA,700,"ndvi.SRSnr","n","overstory","ld","LDF2RS",6,13,2
154,2017,14,0.473670806557043,700,"ndvi.SRSnr","n","overstory","ld","LDF2RS",6,13,0.2
155,2017,14,NA,700,"ndvi.SRSnr","n","overstory","ld","LDF2RS",6,13,5
156,2017,14,NA,700,"ndvi.SRSnr","n","overstory","ld","LDF2RS",6,13,2.01
157,2017,14,0.48966573105384,700,"ndvi.SRSnr","n","overstory","ld","LDF2RS",6,13,0
158,2017,14,0.490935829633191,700,"ndvi.SRSnr","n","overstory","ld","LDF2RS",6,13,0.01
159,2017,14,NA,700,"ndvi.SRSnr","n","overstory","ld","LDF2RS",6,13,0.01
160,2017,14,0.563884156729131,700,"ndvi.SRSnr","n","overstory","ld","LDF2RS",6,13,0
161,2017,14,0.565783760312636,700,"ndvi.SRSnr","n","overstory","ld","LDF2RS",6,13,0.01
162,2017,14,0.586368977673325,700,"ndvi.SRSnr","n","overstory","ld","LDF2RS",6,13,0
163,2017,14,0.589397911917298,700,"ndvi.SRSnr","n","overstory","ld","LDF2RS",6,13,0
164,2017,14,0.587194608256108,700,"ndvi.SRSnr","n","overstory","ld","LDF2RS",6,13,0
165,2017,14,0.590747622243685,700,"ndvi.SRSnr","n","overstory","ld","LDF2RS",6,13,0
166,2017,14,0.609366676846808,700,"ndvi.SRSnr","n","overstory","ld","LDF2RS",6,13,0.5
167,2017,14,0.618738979173617,700,"ndvi.SRSnr","n","overstory","ld","LDF2RS",6,13,0.3
168,2017,14,0.610097042513863,700,"ndvi.SRSnr","n","overstory","ld","LDF2RS",6,13,0
169,2017,14,0.635190660880919,700,"ndvi.SRSnr","n","overstory","ld","LDF2RS",6,13,0.4
170,2017,14,NA,700,"ndvi.SRSnr","n","overstory","ld","LDF2RS",6,13,2
171,2017,14,0.631904217602728,700,"ndvi.SRSnr","n","overstory","ld","LDF2RS",6,13,0.01
172,2017,14,0.626669381798435,700,"ndvi.SRSnr","n","overstory","ld","LDF2RS",6,13,0
173,2017,14,0.626814477403068,700,"ndvi.SRSnr","n","overstory","ld","LDF2RS",6,13,0.3
174,2017,14,0.625918291003733,700,"ndvi.SRSnr","n","overstory","ld","LDF2RS",6,13,0
175,2017,14,NA,700,"ndvi.SRSnr","n","overstory","ld","LDF2RS",6,13,5.01
176,2017,14,0.629952111449717,700,"ndvi.SRSnr","n","overstory","ld","LDF2RS",6,13,0.02
177,2017,14,0.644028103044496,700,"ndvi.SRSnr","n","overstory","ld","LDF2RS",6,13,0.81
178,2017,14,NA,700,"ndvi.SRSnr","n","overstory","ld","LDF2RS",6,13,4.01
179,2017,14,0.623076749112346,700,"ndvi.SRSnr","n","overstory","ld","LDF2RS",6,13,0
180,2017,14,NA,700,"ndvi.SRSnr","n","overstory","ld","LDF2RS",6,13,3.4
181,2017,14,NA,700,"ndvi.SRSnr","n","overstory","ld","LDF2RS",6,13,1
182,2017,14,0.624410266630385,700,"ndvi.SRSnr","n","overstory","ld","LDF2RS",6,13,0
183,2017,14,0.624567372558221,700,"ndvi.SRSnr","n","overstory","ld","LDF2RS",6,13,0.4
184,2017,14,0.617867286341338,700,"ndvi.SRSnr","n","overstory","ld","LDF2RS",6,13,0.01
185,2017,14,0.635069792902107,700,"ndvi.SRSnr","n","overstory","ld","LDF2RS",6,13,0.01
186,2017,14,0.635036496350365,700,"ndvi.SRSnr","n","overstory","ld","LDF2RS",6,13,0
187,2017,14,0.622586732472057,700,"ndvi.SRSnr","n","overstory","ld","LDF2RS",6,13,0
188,2017,14,NA,700,"ndvi.SRSnr","n","overstory","ld","LDF2RS",6,13,1.7
189,2017,14,0.637971606630291,700,"ndvi.SRSnr","n","overstory","ld","LDF2RS",6,13,0.02
190,2017,14,0.638728323699422,700,"ndvi.SRSnr","n","overstory","ld","LDF2RS",6,13,0
191,2017,14,0.639914731808492,700,"ndvi.SRSnr","n","overstory","ld","LDF2RS",6,13,0.02
192,2017,14,0.634814363968351,700,"ndvi.SRSnr","n","overstory","ld","LDF2RS",6,13,0
193,2017,14,0.621801861995499,700,"ndvi.SRSnr","n","overstory","ld","LDF2RS",6,13,0
194,2017,14,0.624561988987152,700,"ndvi.SRSnr","n","overstory","ld","LDF2RS",6,13,0
195,2017,14,0.632533072023518,700,"ndvi.SRSnr","n","overstory","ld","LDF2RS",6,13,0
196,2017,14,0.619693999941491,700,"ndvi.SRSnr","n","overstory","ld","LDF2RS",6,13,0
197,2017,14,0.62593649470433,700,"ndvi.SRSnr","n","overstory","ld","LDF2RS",6,13,0
198,2017,14,0.626525778830388,700,"ndvi.SRSnr","n","overstory","ld","LDF2RS",6,13,0.3
199,2017,14,0.620103838284202,700,"ndvi.SRSnr","n","overstory","ld","LDF2RS",6,13,0
200,2017,14,NA,700,"ndvi.SRSnr","n","overstory","ld","LDF2RS",6,13,1
201,2017,14,0.611496330329468,700,"ndvi.SRSnr","n","overstory","ld","LDF2RS",6,13,0
202,2017,14,NA,700,"ndvi.SRSnr","n","overstory","ld","LDF2RS",6,13,3
203,2017,14,0.616159677574129,700,"ndvi.SRSnr","n","overstory","ld","LDF2RS",6,13,0.1
204,2017,14,0.610326351680468,700,"ndvi.SRSnr","n","overstory","ld","LDF2RS",6,13,0
205,2017,14,NA,700,"ndvi.SRSnr","n","overstory","ld","LDF2RS",6,13,3.5
206,2017,14,0.613386492690588,700,"ndvi.SRSnr","n","overstory","ld","LDF2RS",6,13,0.02
207,2017,14,0.601952165034094,700,"ndvi.SRSnr","n","overstory","ld","LDF2RS",6,13,0
208,2017,14,NA,700,"ndvi.SRSnr","n","overstory","ld","LDF2RS",6,13,8
209,2017,14,0.600370388420488,700,"ndvi.SRSnr","n","overstory","ld","LDF2RS",6,13,0.3
210,2017,14,NA,700,"ndvi.SRSnr","n","overstory","ld","LDF2RS",6,13,8
211,2017,14,0.604922663611402,700,"ndvi.SRSnr","n","overstory","ld","LDF2RS",6,13,0.01
212,2017,14,0.60072010479346,700,"ndvi.SRSnr","n","overstory","ld","LDF2RS",6,13,0
213,2017,14,0.60416451912174,700,"ndvi.SRSnr","n","overstory","ld","LDF2RS",6,13,0
214,2017,14,NA,700,"ndvi.SRSnr","n","overstory","ld","LDF2RS",6,13,3
215,2017,14,NA,700,"ndvi.SRSnr","n","overstory","ld","LDF2RS",6,13,3.01
216,2017,14,0.596764740358692,700,"ndvi.SRSnr","n","overstory","ld","LDF2RS",6,13,0
217,2017,14,NA,700,"ndvi.SRSnr","n","overstory","ld","LDF2RS",6,13,3
218,2017,14,0.608664175161915,700,"ndvi.SRSnr","n","overstory","ld","LDF2RS",6,13,0
219,2017,14,0.578342117872544,700,"ndvi.SRSnr","n","overstory","ld","LDF2RS",6,13,0.4
220,2017,14,0.59041394335512,700,"ndvi.SRSnr","n","overstory","ld","LDF2RS",6,13,0
221,2017,14,0.584078525974296,700,"ndvi.SRSnr","n","overstory","ld","LDF2RS",6,13,0
222,2017,14,0.567951169289601,700,"ndvi.SRSnr","n","overstory","ld","LDF2RS",6,13,0
223,2017,14,0.574377527133433,700,"ndvi.SRSnr","n","overstory","ld","LDF2RS",6,13,0.01
224,2017,14,0.578148070027421,700,"ndvi.SRSnr","n","overstory","ld","LDF2RS",6,13,0
225,2017,14,0.569703622392975,700,"ndvi.SRSnr","n","overstory","ld","LDF2RS",6,13,0
226,2017,14,0.601293580826651,700,"ndvi.SRSnr","n","overstory","ld","LDF2RS",6,13,0
227,2017,14,0.598842978696451,700,"ndvi.SRSnr","n","overstory","ld","LDF2RS",6,13,0
228,2017,14,0.54247736466962,700,"ndvi.SRSnr","n","overstory","ld","LDF2RS",6,13,0
229,2017,14,NA,700,"ndvi.SRSnr","n","overstory","ld","LDF2RS",6,13,4
230,2017,14,0.5244011336724,700,"ndvi.SRSnr","n","overstory","ld","LDF2RS",6,13,0
231,2017,14,0.522317860718912,700,"ndvi.SRSnr","n","overstory","ld","LDF2RS",6,13,0
232,2017,14,NA,700,"ndvi.SRSnr","n","overstory","ld","LDF2RS",6,13,5
233,2017,14,NA,700,"ndvi.SRSnr","n","overstory","ld","LDF2RS",6,13,1
234,2017,14,0.533364442370509,700,"ndvi.SRSnr","n","overstory","ld","LDF2RS",6,13,0
235,2017,14,0.471433376579693,700,"ndvi.SRSnr","n","overstory","ld","LDF2RS",6,13,0
236,2017,14,0.433106575963719,700,"ndvi.SRSnr","n","overstory","ld","LDF2RS",6,13,0
237,2017,14,0.415585027665451,700,"ndvi.SRSnr","n","overstory","ld","LDF2RS",6,13,0
238,2017,14,0.415257074682046,700,"ndvi.SRSnr","n","overstory","ld","LDF2RS",6,13,0
239,2017,14,0.426934097421203,700,"ndvi.SRSnr","n","overstory","ld","LDF2RS",6,13,0
240,2017,14,0.508433438815325,700,"ndvi.SRSnr","n","overstory","ld","LDF2RS",6,13,0.01
241,2017,14,0.437436821518042,700,"ndvi.SRSnr","n","overstory","ld","LDF2RS",6,13,0.51
242,2017,14,0.402214950918701,700,"ndvi.SRSnr","n","overstory","ld","LDF2RS",6,13,0
243,2017,14,0.394803959711235,700,"ndvi.SRSnr","n","overstory","ld","LDF2RS",6,13,0
244,2017,14,0.379874798860253,700,"ndvi.SRSnr","n","overstory","ld","LDF2RS",6,13,0
245,2017,14,0.355581127733026,700,"ndvi.SRSnr","n","overstory","ld","LDF2RS",6,13,0
246,2017,14,NA,700,"ndvi.SRSnr","n","overstory","ld","LDF2RS",6,13,7
247,2017,14,0.340314999587697,700,"ndvi.SRSnr","n","overstory","ld","LDF2RS",6,13,0.4
248,2017,14,0.351221094582696,700,"ndvi.SRSnr","n","overstory","ld","LDF2RS",6,13,0.01
249,2017,14,0.298971825343838,700,"ndvi.SRSnr","n","overstory","ld","LDF2RS",6,13,0.01
250,2017,14,0.344331845223747,700,"ndvi.SRSnr","n","overstory","ld","LDF2RS",6,13,0
251,2017,14,NA,700,"ndvi.SRSnr","n","overstory","ld","LDF2RS",6,13,6
252,2017,14,0.321619971508039,700,"ndvi.SRSnr","n","overstory","ld","LDF2RS",6,13,0.61
253,2017,14,NA,700,"ndvi.SRSnr","n","overstory","ld","LDF2RS",6,13,1.01
254,2017,14,NA,700,"ndvi.SRSnr","n","overstory","ld","LDF2RS",6,13,6
255,2017,14,NA,700,"ndvi.SRSnr","n","overstory","ld","LDF2RS",6,13,5.5
256,2017,14,NA,700,"ndvi.SRSnr","n","overstory","ld","LDF2RS",6,13,5
257,2017,14,NA,700,"ndvi.SRSnr","n","overstory","ld","LDF2RS",6,13,1.6
258,2017,14,NA,700,"ndvi.SRSnr","n","overstory","ld","LDF2RS",6,13,4
135,2018,14,NA,700,"ndvi.SRSnr","n","overstory","ld","LDF2RS",6,13,NA
136,2018,14,NA,700,"ndvi.SRSnr","n","overstory","ld","LDF2RS",6,13,NA
137,2018,14,NA,700,"ndvi.SRSnr","n","overstory","ld","LDF2RS",6,13,NA
138,2018,14,NA,700,"ndvi.SRSnr","n","overstory","ld","LDF2RS",6,13,NA
139,2018,14,NA,700,"ndvi.SRSnr","n","overstory","ld","LDF2RS",6,13,NA
140,2018,14,NA,700,"ndvi.SRSnr","n","overstory","ld","LDF2RS",6,13,NA
141,2018,14,NA,700,"ndvi.SRSnr","n","overstory","ld","LDF2RS",6,13,NA
142,2018,14,NA,700,"ndvi.SRSnr","n","overstory","ld","LDF2RS",6,13,NA
143,2018,14,NA,700,"ndvi.SRSnr","n","overstory","ld","LDF2RS",6,13,NA
144,2018,14,NA,700,"ndvi.SRSnr","n","overstory","ld","LDF2RS",6,13,NA
145,2018,14,NA,700,"ndvi.SRSnr","n","overstory","ld","LDF2RS",6,13,NA
146,2018,14,NA,700,"ndvi.SRSnr","n","overstory","ld","LDF2RS",6,13,NA
147,2018,14,NA,700,"ndvi.SRSnr","n","overstory","ld","LDF2RS",6,13,NA
148,2018,14,NA,700,"ndvi.SRSnr","n","overstory","ld","LDF2RS",6,13,NA
149,2018,14,NA,700,"ndvi.SRSnr","n","overstory","ld","LDF2RS",6,13,NA
150,2018,14,NA,700,"ndvi.SRSnr","n","overstory","ld","LDF2RS",6,13,NA
151,2018,14,NA,700,"ndvi.SRSnr","n","overstory","ld","LDF2RS",6,13,NA
152,2018,14,NA,700,"ndvi.SRSnr","n","overstory","ld","LDF2RS",6,13,NA
153,2018,14,NA,700,"ndvi.SRSnr","n","overstory","ld","LDF2RS",6,13,NA
154,2018,14,NA,700,"ndvi.SRSnr","n","overstory","ld","LDF2RS",6,13,NA
155,2018,14,NA,700,"ndvi.SRSnr","n","overstory","ld","LDF2RS",6,13,NA
156,2018,14,NA,700,"ndvi.SRSnr","n","overstory","ld","LDF2RS",6,13,NA
157,2018,14,NA,700,"ndvi.SRSnr","n","overstory","ld","LDF2RS",6,13,NA
158,2018,14,NA,700,"ndvi.SRSnr","n","overstory","ld","LDF2RS",6,13,NA
159,2018,14,NA,700,"ndvi.SRSnr","n","overstory","ld","LDF2RS",6,13,NA
160,2018,14,NA,700,"ndvi.SRSnr","n","overstory","ld","LDF2RS",6,13,NA
161,2018,14,NA,700,"ndvi.SRSnr","n","overstory","ld","LDF2RS",6,13,NA
